{
  "timestamp": "2025-08-04T11:35:38.816Z",
  "totalCount": 10,
  "hackathons": [
    {
      "title": "UX Voyage",
      "host": "NSUT",
      "prize": "🏆\n15,000",
      "timeLeft": "",
      "image": "https://d8it4huxumps7.cloudfront.net/uploads/images/150x150/uploadedManual-688f84a567ddf_ux_voyage_700x400_.png",
      "registered": "7\nRegistered",
      "tags": [
        "Designing",
        "Engineering Students"
      ],
      "link": "https://unstop.com/competitions/1533012",
      "designRelevanceScore": 0.03896103896103896,
      "source": "Legacy",
      "status": "active",
      "deadline": null,
      "lastUpdated": "2025-08-04T11:35:38.814Z"
    },
    {
      "title": "PUREspectives : Poster Design Making Competition",
      "host": "Indian Institute of Science Education and Research (IISER) Berhampur",
      "prize": "",
      "timeLeft": "",
      "image": "https://d8it4huxumps7.cloudfront.net/uploads/images/150x150/uploadedManual-6887c7a1473e9_purespectives__1_.png",
      "registered": "5\nRegistered",
      "tags": [
        "Designing",
        "Poster Making"
      ],
      "link": "https://unstop.com/competitions/1529533",
      "designRelevanceScore": 0.03896103896103896,
      "source": "Legacy",
      "status": "active",
      "deadline": null,
      "lastUpdated": "2025-08-04T11:35:38.814Z"
    },
    {
      "title": "Altair Optimization Contest",
      "host": "Manipal Institute of Technology (MIT), Manipal",
      "prize": "🏆\n17,500",
      "timeLeft": "",
      "image": "https://d8it4huxumps7.cloudfront.net/uploads/images/150x150/uploadedManual-688c66f44b912_altair_logo.jpg",
      "registered": "7\nRegistered",
      "tags": [
        "Designing",
        "Engineering Students"
      ],
      "link": "https://unstop.com/competitions/1532067",
      "designRelevanceScore": 0.025974025974025976,
      "source": "Legacy",
      "status": "active",
      "deadline": null,
      "lastUpdated": "2025-08-04T11:35:38.814Z"
    },
    {
      "title": "GAMEDΞON GameJam",
      "host": "Indian Institute of Technology (IIT), Guwahati",
      "prize": "🏆\n20,000",
      "timeLeft": "",
      "image": "https://d8it4huxumps7.cloudfront.net/uploads/images/150x150/uploadedManual-688e652c4793a_whatsapp_image_2025-08-03_at_00.35.51_06e22fe7.jpg",
      "registered": "107\nRegistered",
      "tags": [
        "Designing",
        "All"
      ],
      "link": "https://unstop.com/competitions/1532691",
      "designRelevanceScore": 0.025974025974025976,
      "source": "Legacy",
      "status": "active",
      "deadline": null,
      "lastUpdated": "2025-08-04T11:35:38.814Z"
    },
    {
      "title": "Gamedeon GameJam",
      "host": "Indian Institute of Technology (IIT), Guwahati",
      "prize": "🏆\n20,000",
      "timeLeft": "",
      "image": "https://d8it4huxumps7.cloudfront.net/uploads/images/150x150/uploadedManual-688df1dd81073_r0qlfq.png",
      "registered": "83\nRegistered",
      "tags": [
        "All",
        "Designing"
      ],
      "link": "https://unstop.com/competitions/1532494",
      "designRelevanceScore": 0.025974025974025976,
      "source": "Legacy",
      "status": "active",
      "deadline": null,
      "lastUpdated": "2025-08-04T11:35:38.814Z"
    },
    {
      "title": "Logo Making Competition",
      "host": "BigBrick",
      "prize": "🏆\n500",
      "timeLeft": "",
      "image": "https://d8it4huxumps7.cloudfront.net/uploads/images/150x150/688cfec08a18a_organisation_image-4MLG7NPd7T209783540V0ADnj7D7j.png",
      "registered": "191\nRegistered",
      "tags": [
        "Designing",
        "All"
      ],
      "link": "https://unstop.com/competitions/1532369",
      "designRelevanceScore": 0.025974025974025976,
      "source": "Legacy",
      "status": "active",
      "deadline": null,
      "lastUpdated": "2025-08-04T11:35:38.815Z"
    },
    {
      "title": "Bloom Studio Unveiled: Logo & Tagline Challenge",
      "host": "Indian Institute of Technology (IIT), Madras",
      "prize": "🏆\n20,000",
      "timeLeft": "",
      "image": "https://d8it4huxumps7.cloudfront.net/uploads/images/150x150/uploadedManual-688c43585c0c5_embark_logo_without_background.png",
      "registered": "250\nRegistered",
      "tags": [
        "All",
        "Designing"
      ],
      "link": "https://unstop.com/competitions/1531997",
      "designRelevanceScore": 0.025974025974025976,
      "source": "Legacy",
      "status": "active",
      "deadline": null,
      "lastUpdated": "2025-08-04T11:35:38.815Z"
    },
    {
      "title": "RevenueCat Shipaton 2025",
      "link": "https://revenuecat-shipaton-2025.devpost.com/?ref_feature=challenge&ref_medium=discover",
      "description": "",
      "image": "https://d112y698adiu2z.cloudfront.net/photos/production/challenge_thumbnails/003/488/891/datas/medium_square.png",
      "hostedBy": "RevenueCat",
      "tags": [
        "Design",
        "Mobile"
      ],
      "source": "Devpost",
      "designRelevanceScore": 0.012987012987012988,
      "status": "active",
      "deadline": null,
      "lastUpdated": "2025-08-04T11:35:38.815Z"
    },
    {
      "title": "Hack The Social Sites",
      "link": "https://hackthesocial.devpost.com/?ref_feature=challenge&ref_medium=discover",
      "description": "",
      "image": "https://d112y698adiu2z.cloudfront.net/photos/production/challenge_thumbnails/003/661/401/datas/medium_square.jpeg",
      "hostedBy": "tankan",
      "tags": [
        "Design",
        "Social Good",
        "Web"
      ],
      "source": "Devpost",
      "designRelevanceScore": 0.012987012987012988,
      "status": "active",
      "deadline": null,
      "lastUpdated": "2025-08-04T11:35:38.815Z"
    },
    {
      "title": "Lisk Builders Challenge: Round Two",
      "link": "https://lisk-builders-challenge-2.devfolio.co/",
      "description": "Hackathon",
      "image": "https://assets.devfolio.co/users/6ceba037fc2c46acaa41f9c48455fdf0/avatar-99cb5048-3ae9-4c47-83ac-ef13592f8f19.jpeg",
      "source": "Devfolio",
      "designRelevanceScore": 0.012987012987012988,
      "status": "active",
      "deadline": null,
      "lastUpdated": "2025-08-04T11:35:38.815Z"
    }
  ]
}